bulk_id,slab_millers,slab_shift,slab_comp,top,slab_identifier,Ametal,Bmetal,Cmetal,surface_energy,Cost,DFT_ads_E,symbol,AandB,reaction_type,activity_pathway,optimal_energy,activity_width,source_file,processed_date,ascicat_version,bimetallic_filtered
mp-1183707_H_1_100,100,,,,,Co,Mo,,2.442219247806758,54.880775,-0.37133341,CoMo3,Co-Mo,HER,H_adsorption,-0.27,0.15,,2025-10-28,ASCICat-v1.0,True
mp-2083_H_1_100,100,,,,,Ir,Sn,,1.090650622180931,45567.318033333315,-0.27765255,Sn2Ir,Ir-Sn,HER,H_adsorption,-0.27,0.15,,2025-10-28,ASCICat-v1.0,True
mp-838_H_0_100,100,,,,,Cu,Sn,,0.8615917677481899,15.4369325,-0.20635316,Cu3Sn,Cu-Sn,HER,H_adsorption,-0.27,0.15,,2025-10-28,ASCICat-v1.0,True
mp-22040_H_0_100,100,,,,,Ir,Sn,,0.8829991862246664,41013.650435,-0.34021083,Sn14Ir6,Ir-Sn,HER,H_adsorption,-0.27,0.15,,2025-10-28,ASCICat-v1.0,True
mp-22040_H_2_100,100,,,,,Ir,Sn,,0.9679935106624536,41013.650435,-0.19969945,Sn14Ir6,Ir-Sn,HER,H_adsorption,-0.27,0.15,,2025-10-28,ASCICat-v1.0,True
mp-22344_H_0_100,100,,,,,Ru,Sn,,1.1481284620624874,6097.940435,-0.38301888,Sn14Ru6,Ru-Sn,HER,H_adsorption,-0.27,0.15,,2025-10-28,ASCICat-v1.0,True
mp-22344_H_2_100,100,,,,,Ru,Sn,,1.1995105483081083,6097.940435,-0.17173688,Sn14Ru6,Ru-Sn,HER,H_adsorption,-0.27,0.15,,2025-10-28,ASCICat-v1.0,True
mp-1009264_H_1_100,100,,,,,Co,Nb,,2.146260779717409,57.05493,-0.38665545,NbCo,Co-Nb,HER,H_adsorption,-0.27,0.15,,2025-10-28,ASCICat-v1.0,True
mp-1009826_H_1_100,100,,,,,Co,Ta,,2.4163162481111606,192.17493,-0.34627902,TaCo,Co-Ta,HER,H_adsorption,-0.27,0.15,,2025-10-28,ASCICat-v1.0,True
mp-1066232_H_0_100,100,,,,,Fe,Pt,,2.6965973883741574,7676.8700375,-0.27941948,Fe3Pt,Fe-Pt,HER,H_adsorption,-0.27,0.15,,2025-10-28,ASCICat-v1.0,True
mp-1089_H_1_100,100,,,,,Ir,Ti,,2.756094099187406,102482.21043,-0.39861359,TiIr3,Ir-Ti,HER,H_adsorption,-0.27,0.15,,2025-10-28,ASCICat-v1.0,True
mp-11501_H_1_100,100,,,,,Mn,Ni,,2.1346450520353595,11.82464,-0.38129825,MnNi3,Mn-Ni,HER,H_adsorption,-0.27,0.15,,2025-10-28,ASCICat-v1.0,True
mp-11516_H_1_100,100,,,,,Nb,Ru,,2.145835445975428,10167.69,-0.34538455,NbRu,Nb-Ru,HER,H_adsorption,-0.27,0.15,,2025-10-28,ASCICat-v1.0,True
mp-11552_H_0_100,100,,,,,Pt,Ti,,1.809788504331208,15357.00586,-0.20238985,TiPt,Pt-Ti,HER,H_adsorption,-0.27,0.15,,2025-10-28,ASCICat-v1.0,True
mp-1180_H_1_100,100,,,,,Mn,Pt,,1.9335226064480648,23030.4009125,-0.32307272,MnPt3,Mn-Pt,HER,H_adsorption,-0.27,0.15,,2025-10-28,ASCICat-v1.0,True
mp-1186016_H_0_100,100,,,,,Mo,Pt,,2.595345066465862,7723.25081,-0.23771054,Mo3Pt,Mo-Pt,HER,H_adsorption,-0.27,0.15,,2025-10-28,ASCICat-v1.0,True
mp-1187219_H_0_100,100,,,,,Pt,Ta,,2.352939883712662,7939.7825,-0.32905461,Ta3Pt,Pt-Ta,HER,H_adsorption,-0.27,0.15,,2025-10-28,ASCICat-v1.0,True
mp-12086_H_0_100,100,,,,,Cu,Pt,,1.3821057275347777,7684.57142,-0.32055171,Cu3Pt,Cu-Pt,HER,H_adsorption,-0.27,0.15,,2025-10-28,ASCICat-v1.0,True
mp-12107_H_1_100,100,,,,,Pt,Ti,,1.927651718939245,23032.092930000003,-0.29163777,TiPt3,Pt-Ti,HER,H_adsorption,-0.27,0.15,,2025-10-28,ASCICat-v1.0,True
mp-12110_H_0_100,100,,,,,Ru,Ta,,2.377702033853564,10302.81,-0.35850971,TaRu,Ru-Ta,HER,H_adsorption,-0.27,0.15,,2025-10-28,ASCICat-v1.0,True
mp-12798_H_0_100,100,,,,,Ni,Pt,,1.89303346322706,7688.6037275,-0.33111648,Ni3Pt,Ni-Pt,HER,H_adsorption,-0.27,0.15,,2025-10-28,ASCICat-v1.0,True
mp-13100_H_0_100,100,,,,,Mo,Pt,,1.861274789484084,23045.870270000003,-0.39789418,MoPt3,Mo-Pt,HER,H_adsorption,-0.27,0.15,,2025-10-28,ASCICat-v1.0,True
mp-13100_H_1_100,100,,,,,Mo,Pt,,1.7124544320850417,23045.870270000003,-0.26269755,MoPt3,Mo-Pt,HER,H_adsorption,-0.27,0.15,,2025-10-28,ASCICat-v1.0,True
mp-1649_H_0_100,100,,,,,Fe,Pt,,2.695260396495425,7676.8700375,-0.27814426,Fe3Pt,Fe-Pt,HER,H_adsorption,-0.27,0.15,,2025-10-28,ASCICat-v1.0,True
mp-571_H_0_100,100,,,,,Ni,Ti,,1.96231125226382,11.288345,-0.33297904,TiNi,Ni-Ti,HER,H_adsorption,-0.27,0.15,,2025-10-28,ASCICat-v1.0,True
mp-592_H_1_100,100,,,,,Ru,Ti,,2.73572470658859,10130.90086,-0.39741606,TiRu,Ru-Ti,HER,H_adsorption,-0.27,0.15,,2025-10-28,ASCICat-v1.0,True
mp-649_H_1_100,100,,,,,Fe,Pt,,1.9011005620865653,23030.4100125,-0.36084181,FePt3,Fe-Pt,HER,H_adsorption,-0.27,0.15,,2025-10-28,ASCICat-v1.0,True
mp-823_H_1_100,100,,,,,Co,Ti,,2.2365605537920934,20.26579,-0.35709993,TiCo,Co-Ti,HER,H_adsorption,-0.27,0.15,,2025-10-28,ASCICat-v1.0,True
mp-990532_H_0_100,100,,,,,Co,Ti,,2.2355215337759025,20.26579,-0.35871451,TiCo,Co-Ti,HER,H_adsorption,-0.27,0.15,,2025-10-28,ASCICat-v1.0,True
mp-10598_H_0_100,100,,,,,Cu,Sn,,0.8171087527690792,20.505305,-0.29390235,Cu2Sn2,Cu-Sn,HER,H_adsorption,-0.27,0.15,,2025-10-28,ASCICat-v1.0,True
mp-1183774_H_3_100,100,,,,,Co,Sn,,2.2004814296987063,32.935407500000004,-0.22585457,Co6Sn2,Co-Sn,HER,H_adsorption,-0.27,0.15,,2025-10-28,ASCICat-v1.0,True
mp-1185931_H_3_100,100,,,,,Mn,Pt,,2.275637112832274,7676.8427375,-0.37636634,Mn6Pt2,Mn-Pt,HER,H_adsorption,-0.27,0.15,,2025-10-28,ASCICat-v1.0,True
mp-1187258_H_1_100,100,,,,,Ru,Ta,,2.970220528602795,15278.89,-0.37557073,Ta2Ru6,Ru-Ta,HER,H_adsorption,-0.27,0.15,,2025-10-28,ASCICat-v1.0,True
mp-19856_H_1_100,100,,,,,Pt,Sn,,0.7506706664961562,15368.911025,-0.14355949,Sn2Pt2,Pt-Sn,HER,H_adsorption,-0.27,0.15,,2025-10-28,ASCICat-v1.0,True
mp-20112_H_3_100,100,,,,,Ni,Sn,,1.9449572918011293,19.46924,-0.22328486,Ni6Sn2,Ni-Sn,HER,H_adsorption,-0.27,0.15,,2025-10-28,ASCICat-v1.0,True
mp-2845_H_0_100,100,,,,,Pt,Sb,,0.8534559656840525,15368.220765,-0.30651917,Sb2Pt2,Pt-Sb,HER,H_adsorption,-0.27,0.15,,2025-10-28,ASCICat-v1.0,True
mp-30846_H_2_100,100,,,,,Pt,Sn,,0.7163109606910282,12301.25723,-0.3247502,Sn6Pt4,Pt-Sn,HER,H_adsorption,-0.27,0.15,,2025-10-28,ASCICat-v1.0,True
mp-810_H_1_100,100,,,,,Ni,Sb,,0.6964223980014687,22.50325,-0.14393206,Ni2Sb2,Ni-Sb,HER,H_adsorption,-0.27,0.15,,2025-10-28,ASCICat-v1.0,True
mp-974747_H_1_100,100,,,,,Cu,Mn,,1.9199181288229463,7.7923325,-0.32560295,Mn2Cu6,Cu-Mn,HER,H_adsorption,-0.27,0.15,,2025-10-28,ASCICat-v1.0,True
mp-1226032_H_1_100,100,,,,,Co,Sn,,1.7920129708617742,32.476736,-0.28163444,Co3Sn2,Co-Sn,HER,H_adsorption,-0.27,0.15,,2025-10-28,ASCICat-v1.0,True
mp-974421_H_1_100,100,,,,,Ir,Ru,,2.5322759077042902,78447.82,-0.33531817,IrRu,Ir-Ru,HER,H_adsorption,-0.27,0.15,,2025-10-28,ASCICat-v1.0,True
mp-1226063_H_0_100,100,,,,,Co,Ni,,2.143528074158025,24.722415,-0.39211611,CoNi,Co-Ni,HER,H_adsorption,-0.27,0.15,,2025-10-28,ASCICat-v1.0,True
mp-1078699_H_0_100,100,,,,,Nb,Pt,,1.6280404833907771,23050.487500000003,-0.31436257,Nb2Pt6,Nb-Pt,HER,H_adsorption,-0.27,0.15,,2025-10-28,ASCICat-v1.0,True
mp-1078699_H_1_110,110,,,,,Nb,Pt,,1.9986158948892767,23050.487500000003,-0.35116474,Nb2Pt6,Nb-Pt,HER,H_adsorption,-0.27,0.15,,2025-10-28,ASCICat-v1.0,True
mp-1078699_H_2_110,110,,,,,Nb,Pt,,1.9569727154071812,23050.487500000003,-0.2849613,Nb2Pt6,Nb-Pt,HER,H_adsorption,-0.27,0.15,,2025-10-28,ASCICat-v1.0,True
mp-1078699_H_3_110,110,,,,,Nb,Pt,,2.042497479717813,23050.487500000003,-0.35113592,Nb2Pt6,Nb-Pt,HER,H_adsorption,-0.27,0.15,,2025-10-28,ASCICat-v1.0,True
mp-20900_H_0_100,100,,,,,Cu,Sb,,0.5415409461083017,15.0918025,-0.1048023,Cu6Sb2,Cu-Sb,HER,H_adsorption,-0.27,0.15,,2025-10-28,ASCICat-v1.0,True
mp-20900_H_1_110,110,,,,,Cu,Sb,,0.648619652965816,15.0918025,-0.1532802,Cu6Sb2,Cu-Sb,HER,H_adsorption,-0.27,0.15,,2025-10-28,ASCICat-v1.0,True
mp-30850_H_0_100,100,,,,,Pt,Ta,,1.698590190330399,23118.0475,-0.26997311,Ta2Pt6,Pt-Ta,HER,H_adsorption,-0.27,0.15,,2025-10-28,ASCICat-v1.0,True
mp-581786_H_3_110,110,,,,,Cu,Sn,,0.8580973747980352,15.4369325,-0.2109471,Cu6Sn2,Cu-Sn,HER,H_adsorption,-0.27,0.15,,2025-10-28,ASCICat-v1.0,True
mp-1077083_H_0_100,100,,,,,Fe,Sb,,0.9396768463230044,19.54103666666666,-0.20824487,Fe2Sb4,Fe-Sb,HER,H_adsorption,-0.27,0.15,,2025-10-28,ASCICat-v1.0,True
mp-20714_H_0_100,100,,,,,Fe,Sb,,0.906202342421342,19.54103666666666,-0.20475903,Fe2Sb4,Fe-Sb,HER,H_adsorption,-0.27,0.15,,2025-10-28,ASCICat-v1.0,True
mp-20928_H_0_100,100,,,,,Ru,Sb,,1.024322652001725,6771.164353333331,-0.26393799,Sb4Ru2,Ru-Sb,HER,H_adsorption,-0.27,0.15,,2025-10-28,ASCICat-v1.0,True
mp-9835_H_0_100,100,,,,,Co,Sb,,0.9119198311515486,30.74097333333332,-0.15776412,Co2Sb4,Co-Sb,HER,H_adsorption,-0.27,0.15,,2025-10-28,ASCICat-v1.0,True
mp-22752_H_1_100,100,,,,,Fe,Sn,,0.8575194055404274,20.461383333333327,-0.31686914,Fe2Sn4,Fe-Sn,HER,H_adsorption,-0.27,0.15,,2025-10-28,ASCICat-v1.0,True
mp-568_H_1_100,100,,,,,Sb,Ti,,0.9867635199159842,21.78492666666666,-0.3019885,Ti2Sb4,Sb-Ti,HER,H_adsorption,-0.27,0.15,,2025-10-28,ASCICat-v1.0,True
mp-1100766_H_0_100,100,,,,,Ni,Pt,,1.8526776829256129,7688.6037275,-0.36931035,Ni3Pt,Ni-Pt,HER,H_adsorption,-0.27,0.15,,2025-10-28,ASCICat-v1.0,True
mp-11798_H_1_100,100,,,,,Fe,Pt,,2.663765673345881,7676.8700375,-0.26954173,Fe3Pt,Fe-Pt,HER,H_adsorption,-0.27,0.15,,2025-10-28,ASCICat-v1.0,True
mp-1601_H_0_100,100,,,,,Ru,Ta,,2.530569546455202,10302.81,-0.25264121,TaRu,Ru-Ta,HER,H_adsorption,-0.27,0.15,,2025-10-28,ASCICat-v1.0,True
mp-2260_H_0_100,100,,,,,Fe,Pt,,2.178740164130871,15353.640025,-0.30567033,FePt,Fe-Pt,HER,H_adsorption,-0.27,0.15,,2025-10-28,ASCICat-v1.0,True
mp-432_H_1_100,100,,,,,Nb,Ru,,2.2543924489357083,10167.69,-0.28273169,NbRu,Nb-Ru,HER,H_adsorption,-0.27,0.15,,2025-10-28,ASCICat-v1.0,True
mp-568067_H_0_100,100,,,,,Ni,Pt,,1.865157426334595,15361.462485,-0.32059529,Ni2Pt2,Ni-Pt,HER,H_adsorption,-0.27,0.15,,2025-10-28,ASCICat-v1.0,True
mp-949_H_0_100,100,,,,,Co,Pt,,2.0118052569286284,15370.43993,-0.30944676,Co2Pt2,Co-Pt,HER,H_adsorption,-0.27,0.15,,2025-10-28,ASCICat-v1.0,True
mp-1030_H_0_110,110,,,,,Pt,Sb,,1.3483806403498566,26872.44019125,-0.39921677,SbPt7,Pt-Sb,HER,H_adsorption,-0.27,0.15,,2025-10-28,ASCICat-v1.0,True
mp-2083_H_0_110,110,,,,,Ir,Sn,,0.7842023761615246,45567.318033333315,-0.19676806,Sn2Ir,Ir-Sn,HER,H_adsorption,-0.27,0.15,,2025-10-28,ASCICat-v1.0,True
mp-1521_H_3_110,110,,,,,Mo,Sb,,0.9828701575026084,39.065394999999995,-0.29837413,Sb14Mo6,Mo-Sb,HER,H_adsorption,-0.27,0.15,,2025-10-28,ASCICat-v1.0,True
mp-1521_H_4_110,110,,,,,Mo,Sb,,0.9731286932231992,39.065394999999995,-0.12648836,Sb14Mo6,Mo-Sb,HER,H_adsorption,-0.27,0.15,,2025-10-28,ASCICat-v1.0,True
mp-22040_H_2_110,110,,,,,Ir,Sn,,0.7591149670642374,41013.650435,-0.2352282,Sn14Ir6,Ir-Sn,HER,H_adsorption,-0.27,0.15,,2025-10-28,ASCICat-v1.0,True
mp-22344_H_1_110,110,,,,,Ru,Sn,,1.0453663103869826,6097.940435,-0.11077339,Sn14Ru6,Ru-Sn,HER,H_adsorption,-0.27,0.15,,2025-10-28,ASCICat-v1.0,True
mp-22344_H_3_110,110,,,,,Ru,Sn,,0.9787313332464082,6097.940435,-0.13546557,Sn14Ru6,Ru-Sn,HER,H_adsorption,-0.27,0.15,,2025-10-28,ASCICat-v1.0,True
mp-1007852_H_0_110,110,,,,,Co,Fe,,2.759350600655831,25.2999075,-0.362877,FeCo3,Co-Fe,HER,H_adsorption,-0.27,0.15,,2025-10-28,ASCICat-v1.0,True
mp-1008349_H_0_110,110,,,,,Co,Ni,,2.46885292939354,29.2111375,-0.38720533,Co3Ni,Co-Ni,HER,H_adsorption,-0.27,0.15,,2025-10-28,ASCICat-v1.0,True
mp-1008349_H_1_110,110,,,,,Co,Ni,,2.4426493421186684,29.2111375,-0.39778855,Co3Ni,Co-Ni,HER,H_adsorption,-0.27,0.15,,2025-10-28,ASCICat-v1.0,True
mp-1018021_H_0_110,110,,,,,Co,Nb,,2.659785529234151,45.377395,-0.34482751,NbCo3,Co-Nb,HER,H_adsorption,-0.27,0.15,,2025-10-28,ASCICat-v1.0,True
mp-10596_H_0_110,110,,,,,Fe,Ir,,2.665792898942424,102480.5275125,-0.33520887,FeIr3,Fe-Ir,HER,H_adsorption,-0.27,0.15,,2025-10-28,ASCICat-v1.0,True
mp-11358_H_0_110,110,,,,,Co,Ta,,2.80769510006762,112.937395,-0.35630667,TaCo3,Co-Ta,HER,H_adsorption,-0.27,0.15,,2025-10-28,ASCICat-v1.0,True
mp-1180_H_0_110,110,,,,,Mn,Pt,,1.9167794334098205,23030.4009125,-0.25675615,MnPt3,Mn-Pt,HER,H_adsorption,-0.27,0.15,,2025-10-28,ASCICat-v1.0,True
mp-1180_H_1_110,110,,,,,Mn,Pt,,1.9895243369505071,23030.4009125,-0.38338236,MnPt3,Mn-Pt,HER,H_adsorption,-0.27,0.15,,2025-10-28,ASCICat-v1.0,True
mp-1183969_H_1_110,110,,,,,Cu,Sb,,0.598596729703373,15.0918025,-0.18109585,Cu3Sb,Cu-Sb,HER,H_adsorption,-0.27,0.15,,2025-10-28,ASCICat-v1.0,True
mp-1186016_H_0_110,110,,,,,Mo,Pt,,2.631289950595649,7723.25081,-0.32223138,Mo3Pt,Mo-Pt,HER,H_adsorption,-0.27,0.15,,2025-10-28,ASCICat-v1.0,True
mp-12086_H_0_110,110,,,,,Cu,Pt,,1.412648496544035,7684.57142,-0.33837422,Cu3Pt,Cu-Pt,HER,H_adsorption,-0.27,0.15,,2025-10-28,ASCICat-v1.0,True
mp-12107_H_0_110,110,,,,,Pt,Ti,,1.9892042648443984,23032.092930000003,-0.17746719,TiPt3,Pt-Ti,HER,H_adsorption,-0.27,0.15,,2025-10-28,ASCICat-v1.0,True
mp-12798_H_0_110,110,,,,,Ni,Pt,,1.9777192353496904,7688.6037275,-0.38265782,Ni3Pt,Ni-Pt,HER,H_adsorption,-0.27,0.15,,2025-10-28,ASCICat-v1.0,True
mp-13100_H_0_110,110,,,,,Mo,Pt,,1.8475690049706333,23045.870270000003,-0.38821362,MoPt3,Mo-Pt,HER,H_adsorption,-0.27,0.15,,2025-10-28,ASCICat-v1.0,True
mp-1339_H_0_110,110,,,,,Ir,Nb,,2.870033606628823,102500.605,-0.29656967,NbIr3,Ir-Nb,HER,H_adsorption,-0.27,0.15,,2025-10-28,ASCICat-v1.0,True
mp-1649_H_0_110,110,,,,,Fe,Pt,,2.741016852683747,7676.8700375,-0.29594434,Fe3Pt,Fe-Pt,HER,H_adsorption,-0.27,0.15,,2025-10-28,ASCICat-v1.0,True
mp-20971_H_0_110,110,,,,,Pt,Sn,,1.3798659673609843,23038.0455125,-0.1106465,SnPt3,Pt-Sn,HER,H_adsorption,-0.27,0.15,,2025-10-28,ASCICat-v1.0,True
mp-265_H_0_110,110,,,,,Ir,Ta,,2.981379770127845,102568.165,-0.27636881,TaIr3,Ir-Ta,HER,H_adsorption,-0.27,0.15,,2025-10-28,ASCICat-v1.0,True
mp-649_H_0_110,110,,,,,Fe,Pt,,1.8796612572856632,23030.4100125,-0.29361635,FePt3,Fe-Pt,HER,H_adsorption,-0.27,0.15,,2025-10-28,ASCICat-v1.0,True
mp-922_H_0_110,110,,,,,Co,Pt,,1.8217212975837789,23038.809965,-0.33814362,CoPt3,Co-Pt,HER,H_adsorption,-0.27,0.15,,2025-10-28,ASCICat-v1.0,True
mp-976847_H_0_110,110,,,,,Ni,Sb,,1.3633372294469126,19.12411,-0.38971604,Ni3Sb,Ni-Sb,HER,H_adsorption,-0.27,0.15,,2025-10-28,ASCICat-v1.0,True
mp-999543_H_0_110,110,,,,,Co,Mn,,2.760451717663064,25.2908075,-0.35129912,MnCo3,Co-Mn,HER,H_adsorption,-0.27,0.15,,2025-10-28,ASCICat-v1.0,True
mp-30788_H_0_110,110,,,,,Mo,Sn,,2.289443157487141,54.1163225,-0.10641572,Sn2Mo6,Mo-Sn,HER,H_adsorption,-0.27,0.15,,2025-10-28,ASCICat-v1.0,True
mp-1185931_H_1_110,110,,,,,Mn,Pt,,2.6206120043004866,7676.8427375,-0.3596025,Mn6Pt2,Mn-Pt,HER,H_adsorption,-0.27,0.15,,2025-10-28,ASCICat-v1.0,True
mp-1189793_H_0_110,110,,,,,Pt,Ti,,2.02115133092808,23032.092930000003,-0.38157045,Ti4Pt12,Pt-Ti,HER,H_adsorption,-0.27,0.15,,2025-10-28,ASCICat-v1.0,True
mp-1207123_H_0_110,110,,,,,Nb,Sb,,1.2693267902561558,54.835764999999995,-0.10558666,Nb2Sb2,Nb-Sb,HER,H_adsorption,-0.27,0.15,,2025-10-28,ASCICat-v1.0,True
mp-13138_H_1_110,110,,,,,Cu,Sn,,0.8183737217358753,15.4369325,-0.20526428,Cu6Sn2,Cu-Sn,HER,H_adsorption,-0.27,0.15,,2025-10-28,ASCICat-v1.0,True
mp-13138_H_2_110,110,,,,,Cu,Sn,,0.8360542288747876,15.4369325,-0.24812978,Cu6Sn2,Cu-Sn,HER,H_adsorption,-0.27,0.15,,2025-10-28,ASCICat-v1.0,True
mp-19856_H_0_110,110,,,,,Pt,Sn,,0.8700026901406995,15368.911025,-0.24397403,Sn2Pt2,Pt-Sn,HER,H_adsorption,-0.27,0.15,,2025-10-28,ASCICat-v1.0,True
mp-30846_H_0_110,110,,,,,Pt,Sn,,0.6934930464557473,12301.25723,-0.13023442,Sn6Pt4,Pt-Sn,HER,H_adsorption,-0.27,0.15,,2025-10-28,ASCICat-v1.0,True
mp-810_H_0_110,110,,,,,Ni,Sb,,0.7874967661318009,22.50325,-0.13558148,Ni2Sb2,Ni-Sb,HER,H_adsorption,-0.27,0.15,,2025-10-28,ASCICat-v1.0,True
mp-972220_H_0_110,110,,,,,Pt,Ti,,2.0169047254976635,23032.092930000003,-0.36266554,Ti2Pt6,Pt-Ti,HER,H_adsorption,-0.27,0.15,,2025-10-28,ASCICat-v1.0,True
mp-976893_H_0_110,110,,,,,Ni,Sb,,1.3559026261090326,19.12411,-0.34125687,Ni6Sb2,Ni-Sb,HER,H_adsorption,-0.27,0.15,,2025-10-28,ASCICat-v1.0,True
mp-1225695_H_1_110,110,,,,,Cu,Ni,,1.7201500738571105,13.056765,-0.39195918,CuNi,Cu-Ni,HER,H_adsorption,-0.27,0.15,,2025-10-28,ASCICat-v1.0,True
mp-1225698_H_1_110,110,,,,,Cu,Ni,,1.4674136323920812,11.7126625,-0.36906741,Cu3Ni,Cu-Ni,HER,H_adsorption,-0.27,0.15,,2025-10-28,ASCICat-v1.0,True
mp-11514_H_0_110,110,,,,,Nb,Pt,,1.6670693329959625,20498.25666666666,-0.33916334,NbPt2,Nb-Pt,HER,H_adsorption,-0.27,0.15,,2025-10-28,ASCICat-v1.0,True
mp-952_H_0_110,110,,,,,Mo,Pt,,1.8061976613517865,20492.100359999993,-0.37196734,MoPt2,Mo-Pt,HER,H_adsorption,-0.27,0.15,,2025-10-28,ASCICat-v1.0,True
mp-20900_H_0_110,110,,,,,Cu,Sb,,0.609531294945055,15.0918025,-0.31887671,Cu6Sb2,Cu-Sb,HER,H_adsorption,-0.27,0.15,,2025-10-28,ASCICat-v1.0,True
mp-30850_H_2_110,110,,,,,Pt,Ta,,2.0630555243327184,23118.0475,-0.24481237,Ta2Pt6,Pt-Ta,HER,H_adsorption,-0.27,0.15,,2025-10-28,ASCICat-v1.0,True
mp-30850_H_3_110,110,,,,,Pt,Ta,,2.179145393589512,23118.0475,-0.33424847,Ta2Pt6,Pt-Ta,HER,H_adsorption,-0.27,0.15,,2025-10-28,ASCICat-v1.0,True
mp-581786_H_0_110,110,,,,,Cu,Sn,,0.8879810439484255,15.4369325,-0.20045541,Cu6Sn2,Cu-Sn,HER,H_adsorption,-0.27,0.15,,2025-10-28,ASCICat-v1.0,True
mp-20714_H_1_110,110,,,,,Fe,Sb,,0.6983816804707472,19.54103666666666,-0.1195679,Fe2Sb4,Fe-Sb,HER,H_adsorption,-0.27,0.15,,2025-10-28,ASCICat-v1.0,True
mp-20928_H_1_110,110,,,,,Ru,Sb,,0.922146292386843,6771.164353333331,-0.17453303,Sb4Ru2,Ru-Sb,HER,H_adsorption,-0.27,0.15,,2025-10-28,ASCICat-v1.0,True
mp-20928_H_2_110,110,,,,,Ru,Sb,,1.409456594972618,6771.164353333331,-0.25121898,Sb4Ru2,Ru-Sb,HER,H_adsorption,-0.27,0.15,,2025-10-28,ASCICat-v1.0,True
mp-9835_H_0_110,110,,,,,Co,Sb,,1.2639229535401113,30.74097333333332,-0.31552281,Co2Sb4,Co-Sb,HER,H_adsorption,-0.27,0.15,,2025-10-28,ASCICat-v1.0,True
mp-1078755_H_0_110,110,,,,,Pt,Sb,,1.1524973366262523,23037.700382500003,-0.22174146,Sb2Pt6,Pt-Sb,HER,H_adsorption,-0.27,0.15,,2025-10-28,ASCICat-v1.0,True
mp-1100766_H_0_110,110,,,,,Ni,Pt,,1.9102285745548917,7688.6037275,-0.38095698,Ni3Pt,Ni-Pt,HER,H_adsorption,-0.27,0.15,,2025-10-28,ASCICat-v1.0,True
mp-1100766_H_1_110,110,,,,,Ni,Pt,,1.9565677558079992,7688.6037275,-0.39483707,Ni3Pt,Ni-Pt,HER,H_adsorption,-0.27,0.15,,2025-10-28,ASCICat-v1.0,True
mp-1183752_H_1_110,110,,,,,Co,Cu,,2.298903014839156,27.867035,-0.36847611,Co3Cu,Co-Cu,HER,H_adsorption,-0.27,0.15,,2025-10-28,ASCICat-v1.0,True
mp-1184054_H_1_110,110,,,,,Cu,Ni,,1.8874326426512271,14.4008675,-0.34027028,CuNi3,Cu-Ni,HER,H_adsorption,-0.27,0.15,,2025-10-28,ASCICat-v1.0,True
mp-1184336_H_1_110,110,,,,,Fe,Ir,,2.6981078987699503,102480.5275125,-0.33650948,FeIr3,Fe-Ir,HER,H_adsorption,-0.27,0.15,,2025-10-28,ASCICat-v1.0,True
mp-974358_H_0_110,110,,,,,Ir,Ru,,2.73274798265452,107544.245,-0.36166308,Ir3Ru,Ir-Ru,HER,H_adsorption,-0.27,0.15,,2025-10-28,ASCICat-v1.0,True
mp-974358_H_1_110,110,,,,,Ir,Ru,,2.733477660510741,107544.245,-0.35795733,Ir3Ru,Ir-Ru,HER,H_adsorption,-0.27,0.15,,2025-10-28,ASCICat-v1.0,True
mp-11798_H_0_110,110,,,,,Fe,Pt,,2.710263645076628,7676.8700375,-0.29037132,Fe3Pt,Fe-Pt,HER,H_adsorption,-0.27,0.15,,2025-10-28,ASCICat-v1.0,True
mp-11798_H_1_110,110,,,,,Fe,Pt,,2.486728237788535,7676.8700375,-0.34356771,Fe3Pt,Fe-Pt,HER,H_adsorption,-0.27,0.15,,2025-10-28,ASCICat-v1.0,True
mp-1221425_H_0_110,110,,,,,Mo,Pt,,1.9276094294271944,23045.870270000003,-0.38459495,MoPt3,Mo-Pt,HER,H_adsorption,-0.27,0.15,,2025-10-28,ASCICat-v1.0,True
mp-1007854_H_0_111,111,,,,,Fe,Ni,,2.223405473822476,11.83374,-0.37972524,FeNi3,Fe-Ni,HER,H_adsorption,-0.27,0.15,,2025-10-28,ASCICat-v1.0,True
mp-1007854_H_1_111,111,,,,,Fe,Ni,,2.041815171273916,11.83374,-0.29806201,FeNi3,Fe-Ni,HER,H_adsorption,-0.27,0.15,,2025-10-28,ASCICat-v1.0,True
mp-1007854_H_2_111,111,,,,,Fe,Ni,,2.287886609171274,11.83374,-0.28407781,FeNi3,Fe-Ni,HER,H_adsorption,-0.27,0.15,,2025-10-28,ASCICat-v1.0,True
mp-1007854_H_3_111,111,,,,,Fe,Ni,,2.0633996226095124,11.83374,-0.35319052,FeNi3,Fe-Ni,HER,H_adsorption,-0.27,0.15,,2025-10-28,ASCICat-v1.0,True
mp-1030_H_0_111,111,,,,,Pt,Sb,,1.0038004518986072,26872.44019125,-0.37849367,SbPt7,Pt-Sb,HER,H_adsorption,-0.27,0.15,,2025-10-28,ASCICat-v1.0,True
mp-1030_H_1_111,111,,,,,Pt,Sb,,1.0129116781829457,26872.44019125,-0.39838467,SbPt7,Pt-Sb,HER,H_adsorption,-0.27,0.15,,2025-10-28,ASCICat-v1.0,True
mp-1183707_H_2_111,111,,,,,Co,Mo,,2.551191822734044,54.880775,-0.31646198,CoMo3,Co-Mo,HER,H_adsorption,-0.27,0.15,,2025-10-28,ASCICat-v1.0,True
mp-1184260_H_0_111,111,,,,,Cu,Fe,,2.1212152458255864,2.6671775,-0.28368135,Fe3Cu,Cu-Fe,HER,H_adsorption,-0.27,0.15,,2025-10-28,ASCICat-v1.0,True
mp-1186214_H_0_111,111,,,,,Cu,Nb,,1.9868429664227216,62.89964,-0.28948856,Nb3Cu,Cu-Nb,HER,H_adsorption,-0.27,0.15,,2025-10-28,ASCICat-v1.0,True
mp-1187196_H_1_111,111,,,,,Ir,Ta,,2.8686256180069134,34423.155000000006,-0.11180275,Ta3Ir,Ir-Ta,HER,H_adsorption,-0.27,0.15,,2025-10-28,ASCICat-v1.0,True
mp-1187204_H_0_111,111,,,,,Pt,Ta,,2.498027100812773,7939.7825,-0.34697202,Ta3Pt,Pt-Ta,HER,H_adsorption,-0.27,0.15,,2025-10-28,ASCICat-v1.0,True
mp-1187204_H_1_111,111,,,,,Pt,Ta,,2.674761059596121,7939.7825,-0.28687396,Ta3Pt,Pt-Ta,HER,H_adsorption,-0.27,0.15,,2025-10-28,ASCICat-v1.0,True
mp-12608_H_0_111,111,,,,,Cu,Pt,,1.2849705460356056,26870.07857,-0.31508381,CuPt7,Cu-Pt,HER,H_adsorption,-0.27,0.15,,2025-10-28,ASCICat-v1.0,True
mp-2002_H_2_111,111,,,,,Cu,Sb,,0.3525314378507502,15.0918025,-0.25022178,Cu3Sb,Cu-Sb,HER,H_adsorption,-0.27,0.15,,2025-10-28,ASCICat-v1.0,True
mp-2083_H_0_111,111,,,,,Ir,Sn,,1.1597298908364242,45567.318033333315,-0.21408715,Sn2Ir,Ir-Sn,HER,H_adsorption,-0.27,0.15,,2025-10-28,ASCICat-v1.0,True
mp-2083_H_1_111,111,,,,,Ir,Sn,,0.5908732212532807,45567.318033333315,-0.23445964,Sn2Ir,Ir-Sn,HER,H_adsorption,-0.27,0.15,,2025-10-28,ASCICat-v1.0,True
mp-998982_H_1_111,111,,,,,Sn,Ti,,1.7119074078746366,12.7843025,-0.34814295,Ti3Sn,Sn-Ti,HER,H_adsorption,-0.27,0.15,,2025-10-28,ASCICat-v1.0,True
mp-999378_H_2_111,111,,,,,Nb,Ni,,2.1301488868628176,31.9112275,-0.28103197,NbNi3,Nb-Ni,HER,H_adsorption,-0.27,0.15,,2025-10-28,ASCICat-v1.0,True
mp-1521_H_0_111,111,,,,,Mo,Sb,,0.7810018342942635,39.065394999999995,-0.11712251,Sb14Mo6,Mo-Sb,HER,H_adsorption,-0.27,0.15,,2025-10-28,ASCICat-v1.0,True
mp-1521_H_3_111,111,,,,,Mo,Sb,,0.9208718427110844,39.065394999999995,-0.24921452,Sb14Mo6,Mo-Sb,HER,H_adsorption,-0.27,0.15,,2025-10-28,ASCICat-v1.0,True
mp-1521_H_4_111,111,,,,,Mo,Sb,,1.1793411579387292,39.065394999999995,-0.26555459,Sb14Mo6,Mo-Sb,HER,H_adsorption,-0.27,0.15,,2025-10-28,ASCICat-v1.0,True
mp-22040_H_0_111,111,,,,,Ir,Sn,,0.7320200322155602,41013.650435,-0.26290944,Sn14Ir6,Ir-Sn,HER,H_adsorption,-0.27,0.15,,2025-10-28,ASCICat-v1.0,True
mp-22040_H_2_111,111,,,,,Ir,Sn,,0.6493845105063588,41013.650435,-0.23295784,Sn14Ir6,Ir-Sn,HER,H_adsorption,-0.27,0.15,,2025-10-28,ASCICat-v1.0,True
mp-22344_H_3_111,111,,,,,Ru,Sn,,0.9146548232717824,6097.940435,-0.31299132,Sn14Ru6,Ru-Sn,HER,H_adsorption,-0.27,0.15,,2025-10-28,ASCICat-v1.0,True
mp-22344_H_4_111,111,,,,,Ru,Sn,,1.288475568836799,6097.940435,-0.31873276,Sn14Ru6,Ru-Sn,HER,H_adsorption,-0.27,0.15,,2025-10-28,ASCICat-v1.0,True
mp-1006883_H_0_111,111,,,,,Co,Ni,,2.2467008355368105,24.722415,-0.33952242,CoNi,Co-Ni,HER,H_adsorption,-0.27,0.15,,2025-10-28,ASCICat-v1.0,True
mp-1006883_H_1_111,111,,,,,Co,Ni,,2.2627798335612748,24.722415,-0.35076552,CoNi,Co-Ni,HER,H_adsorption,-0.27,0.15,,2025-10-28,ASCICat-v1.0,True
mp-10596_H_0_111,111,,,,,Fe,Ir,,2.147532233507372,102480.5275125,-0.34625809,FeIr3,Fe-Ir,HER,H_adsorption,-0.27,0.15,,2025-10-28,ASCICat-v1.0,True
mp-11364_H_1_111,111,,,,,Cu,Ti,,1.6640553084086245,8.60014,-0.11639606,TiCu,Cu-Ti,HER,H_adsorption,-0.27,0.15,,2025-10-28,ASCICat-v1.0,True
mp-11552_H_0_111,111,,,,,Pt,Ti,,1.4462153638763169,15357.00586,-0.20994828,TiPt,Pt-Ti,HER,H_adsorption,-0.27,0.15,,2025-10-28,ASCICat-v1.0,True
mp-1180_H_0_111,111,,,,,Mn,Pt,,1.5059626390724012,23030.4009125,-0.3152699,MnPt3,Mn-Pt,HER,H_adsorption,-0.27,0.15,,2025-10-28,ASCICat-v1.0,True
mp-12086_H_0_111,111,,,,,Cu,Pt,,1.11463643985212,7684.57142,-0.26992337,Cu3Pt,Cu-Pt,HER,H_adsorption,-0.27,0.15,,2025-10-28,ASCICat-v1.0,True
mp-12107_H_0_111,111,,,,,Pt,Ti,,1.5553047921741578,23032.092930000003,-0.39687499,TiPt3,Pt-Ti,HER,H_adsorption,-0.27,0.15,,2025-10-28,ASCICat-v1.0,True
mp-13100_H_0_111,111,,,,,Mo,Pt,,1.3492172535520166,23045.870270000003,-0.223725,MoPt3,Mo-Pt,HER,H_adsorption,-0.27,0.15,,2025-10-28,ASCICat-v1.0,True
mp-571_H_0_111,111,,,,,Ni,Ti,,1.7971421397956835,11.288345,-0.3594055,TiNi,Ni-Ti,HER,H_adsorption,-0.27,0.15,,2025-10-28,ASCICat-v1.0,True
mp-649_H_0_111,111,,,,,Fe,Pt,,1.4896830027293586,23030.4100125,-0.33782389,FePt3,Fe-Pt,HER,H_adsorption,-0.27,0.15,,2025-10-28,ASCICat-v1.0,True
mp-823_H_0_111,111,,,,,Co,Ti,,2.134950444491253,20.26579,-0.35495702,TiCo,Co-Ti,HER,H_adsorption,-0.27,0.15,,2025-10-28,ASCICat-v1.0,True
mp-922_H_0_111,111,,,,,Co,Pt,,1.4534916932848247,23038.809965,-0.35906491,CoPt3,Co-Pt,HER,H_adsorption,-0.27,0.15,,2025-10-28,ASCICat-v1.0,True
mp-1186237_H_0_111,111,,,,,Nb,Sn,,0.3599505788723528,43.0840375,-0.37137331,Nb2Sn6,Nb-Sn,HER,H_adsorption,-0.27,0.15,,2025-10-28,ASCICat-v1.0,True
mp-1207123_H_1_111,111,,,,,Nb,Sb,,1.4643030934280614,54.835764999999995,-0.15162561,Nb2Sb2,Nb-Sb,HER,H_adsorption,-0.27,0.15,,2025-10-28,ASCICat-v1.0,True
mp-13138_H_0_111,111,,,,,Cu,Sn,,0.887685669246072,15.4369325,-0.21137339,Cu6Sn2,Cu-Sn,HER,H_adsorption,-0.27,0.15,,2025-10-28,ASCICat-v1.0,True
mp-19856_H_0_111,111,,,,,Pt,Sn,,1.0004623291219608,15368.911025,-0.34966611,Sn2Pt2,Pt-Sn,HER,H_adsorption,-0.27,0.15,,2025-10-28,ASCICat-v1.0,True
mp-19856_H_1_111,111,,,,,Pt,Sn,,1.000737249316762,15368.911025,-0.1204486,Sn2Pt2,Pt-Sn,HER,H_adsorption,-0.27,0.15,,2025-10-28,ASCICat-v1.0,True
mp-30846_H_0_111,111,,,,,Pt,Sn,,0.7748709980066928,12301.25723,-0.16003284,Sn6Pt4,Pt-Sn,HER,H_adsorption,-0.27,0.15,,2025-10-28,ASCICat-v1.0,True
mp-30846_H_1_111,111,,,,,Pt,Sn,,0.7986411243259854,12301.25723,-0.13424118,Sn6Pt4,Pt-Sn,HER,H_adsorption,-0.27,0.15,,2025-10-28,ASCICat-v1.0,True
mp-30846_H_2_111,111,,,,,Pt,Sn,,0.7331177379393158,12301.25723,-0.14286467,Sn6Pt4,Pt-Sn,HER,H_adsorption,-0.27,0.15,,2025-10-28,ASCICat-v1.0,True
mp-30846_H_3_111,111,,,,,Pt,Sn,,0.7715941811355762,12301.25723,-0.1758301,Sn6Pt4,Pt-Sn,HER,H_adsorption,-0.27,0.15,,2025-10-28,ASCICat-v1.0,True
mp-30846_H_4_111,111,,,,,Pt,Sn,,0.7443710956662091,12301.25723,-0.13754732,Sn6Pt4,Pt-Sn,HER,H_adsorption,-0.27,0.15,,2025-10-28,ASCICat-v1.0,True
mp-810_H_0_111,111,,,,,Ni,Sb,,0.94748501374226,22.50325,-0.23478475,Ni2Sb2,Ni-Sb,HER,H_adsorption,-0.27,0.15,,2025-10-28,ASCICat-v1.0,True
mp-810_H_1_111,111,,,,,Ni,Sb,,0.974519201520344,22.50325,-0.25123753,Ni2Sb2,Ni-Sb,HER,H_adsorption,-0.27,0.15,,2025-10-28,ASCICat-v1.0,True
mp-1078699_H_4_111,111,,,,,Nb,Pt,,2.032090716665301,23050.487500000003,-0.39771754,Nb2Pt6,Nb-Pt,HER,H_adsorption,-0.27,0.15,,2025-10-28,ASCICat-v1.0,True
mp-20900_H_0_111,111,,,,,Cu,Sb,,0.6577320801144291,15.0918025,-0.21583818,Cu6Sb2,Cu-Sb,HER,H_adsorption,-0.27,0.15,,2025-10-28,ASCICat-v1.0,True
mp-20900_H_1_111,111,,,,,Cu,Sb,,0.6693477376300563,15.0918025,-0.11551656,Cu6Sb2,Cu-Sb,HER,H_adsorption,-0.27,0.15,,2025-10-28,ASCICat-v1.0,True
mp-20900_H_2_111,111,,,,,Cu,Sb,,0.7215577921659687,15.0918025,-0.32133275,Cu6Sb2,Cu-Sb,HER,H_adsorption,-0.27,0.15,,2025-10-28,ASCICat-v1.0,True
mp-20900_H_4_111,111,,,,,Cu,Sb,,0.6998114138207773,15.0918025,-0.22956366,Cu6Sb2,Cu-Sb,HER,H_adsorption,-0.27,0.15,,2025-10-28,ASCICat-v1.0,True
mp-20900_H_5_111,111,,,,,Cu,Sb,,0.7693177435605769,15.0918025,-0.12943948,Cu6Sb2,Cu-Sb,HER,H_adsorption,-0.27,0.15,,2025-10-28,ASCICat-v1.0,True
mp-581786_H_1_111,111,,,,,Cu,Sn,,0.879571648035104,15.4369325,-0.28738664,Cu6Sn2,Cu-Sn,HER,H_adsorption,-0.27,0.15,,2025-10-28,ASCICat-v1.0,True
mp-581786_H_2_111,111,,,,,Cu,Sn,,0.9228705716964664,15.4369325,-0.1654559,Cu6Sn2,Cu-Sn,HER,H_adsorption,-0.27,0.15,,2025-10-28,ASCICat-v1.0,True
mp-581786_H_4_111,111,,,,,Cu,Sn,,0.91288737116892,15.4369325,-0.15613835,Cu6Sn2,Cu-Sn,HER,H_adsorption,-0.27,0.15,,2025-10-28,ASCICat-v1.0,True
mp-581786_H_5_111,111,,,,,Cu,Sn,,0.9791747644927596,15.4369325,-0.11466557,Cu6Sn2,Cu-Sn,HER,H_adsorption,-0.27,0.15,,2025-10-28,ASCICat-v1.0,True
mp-20714_H_0_111,111,,,,,Fe,Sb,,0.8950870337118576,19.54103666666666,-0.39459594,Fe2Sb4,Fe-Sb,HER,H_adsorption,-0.27,0.15,,2025-10-28,ASCICat-v1.0,True
mp-20714_H_1_111,111,,,,,Fe,Sb,,0.978068075445276,19.54103666666666,-0.22668033,Fe2Sb4,Fe-Sb,HER,H_adsorption,-0.27,0.15,,2025-10-28,ASCICat-v1.0,True
mp-20928_H_4_111,111,,,,,Ru,Sb,,1.1656839623886563,6771.164353333331,-0.11719895,Sb4Ru2,Ru-Sb,HER,H_adsorption,-0.27,0.15,,2025-10-28,ASCICat-v1.0,True
mp-9835_H_0_111,111,,,,,Co,Sb,,0.925476788589998,30.74097333333332,-0.28788707,Co2Sb4,Co-Sb,HER,H_adsorption,-0.27,0.15,,2025-10-28,ASCICat-v1.0,True
mp-9835_H_1_111,111,,,,,Co,Sb,,0.9529375511879384,30.74097333333332,-0.11799429,Co2Sb4,Co-Sb,HER,H_adsorption,-0.27,0.15,,2025-10-28,ASCICat-v1.0,True
mp-1072181_H_0_111,111,,,,,Fe,Sb,,0.4956042589605582,19.54103666666666,-0.24070503,Fe2Sb4,Fe-Sb,HER,H_adsorption,-0.27,0.15,,2025-10-28,ASCICat-v1.0,True
mp-1072181_H_2_111,111,,,,,Fe,Sb,,0.4446906230441501,19.54103666666666,-0.33548246,Fe2Sb4,Fe-Sb,HER,H_adsorption,-0.27,0.15,,2025-10-28,ASCICat-v1.0,True
mp-20086_H_0_111,111,,,,,Mn,Sn,,0.9817795413194864,20.449249999999996,-0.20002387,Mn2Sn4,Mn-Sn,HER,H_adsorption,-0.27,0.15,,2025-10-28,ASCICat-v1.0,True
mp-20086_H_1_111,111,,,,,Mn,Sn,,1.0782427095371876,20.449249999999996,-0.17013869,Mn2Sn4,Mn-Sn,HER,H_adsorption,-0.27,0.15,,2025-10-28,ASCICat-v1.0,True
mp-20086_H_2_111,111,,,,,Mn,Sn,,0.9243512356025304,20.449249999999996,-0.18710522,Mn2Sn4,Mn-Sn,HER,H_adsorption,-0.27,0.15,,2025-10-28,ASCICat-v1.0,True
mp-20086_H_3_111,111,,,,,Mn,Sn,,0.8823831430502391,20.449249999999996,-0.23399633,Mn2Sn4,Mn-Sn,HER,H_adsorption,-0.27,0.15,,2025-10-28,ASCICat-v1.0,True
mp-20155_H_0_111,111,,,,,Co,Sn,,0.837899625797754,31.66131999999999,-0.22184664,Co2Sn4,Co-Sn,HER,H_adsorption,-0.27,0.15,,2025-10-28,ASCICat-v1.0,True
mp-20155_H_2_111,111,,,,,Co,Sn,,0.8027734497268889,31.66131999999999,-0.17701998,Co2Sn4,Co-Sn,HER,H_adsorption,-0.27,0.15,,2025-10-28,ASCICat-v1.0,True
mp-20155_H_3_111,111,,,,,Co,Sn,,0.8340814320354135,31.66131999999999,-0.22348949,Co2Sn4,Co-Sn,HER,H_adsorption,-0.27,0.15,,2025-10-28,ASCICat-v1.0,True
mp-22752_H_0_111,111,,,,,Fe,Sn,,0.9164452975652364,20.461383333333327,-0.34644242,Fe2Sn4,Fe-Sn,HER,H_adsorption,-0.27,0.15,,2025-10-28,ASCICat-v1.0,True
mp-22752_H_1_111,111,,,,,Fe,Sn,,1.0121810051045506,20.461383333333327,-0.19619126,Fe2Sn4,Fe-Sn,HER,H_adsorption,-0.27,0.15,,2025-10-28,ASCICat-v1.0,True
mp-22752_H_2_111,111,,,,,Fe,Sn,,0.8564519572753387,20.461383333333327,-0.19716073,Fe2Sn4,Fe-Sn,HER,H_adsorption,-0.27,0.15,,2025-10-28,ASCICat-v1.0,True
mp-22752_H_3_111,111,,,,,Fe,Sn,,0.8554232019640398,20.461383333333327,-0.23018211,Fe2Sn4,Fe-Sn,HER,H_adsorption,-0.27,0.15,,2025-10-28,ASCICat-v1.0,True
mp-510219_H_0_111,111,,,,,Ru,Sn,,0.9875952444332408,6772.084699999998,-0.27271038,Sn4Ru2,Ru-Sn,HER,H_adsorption,-0.27,0.15,,2025-10-28,ASCICat-v1.0,True
mp-510219_H_1_111,111,,,,,Ru,Sn,,1.075862250126983,6772.084699999998,-0.12354695,Sn4Ru2,Ru-Sn,HER,H_adsorption,-0.27,0.15,,2025-10-28,ASCICat-v1.0,True
mp-510219_H_2_111,111,,,,,Ru,Sn,,0.9424683606960056,6772.084699999998,-0.24202628,Sn4Ru2,Ru-Sn,HER,H_adsorption,-0.27,0.15,,2025-10-28,ASCICat-v1.0,True
mp-510219_H_3_111,111,,,,,Ru,Sn,,0.9851628123386456,6772.084699999998,-0.3493167,Sn4Ru2,Ru-Sn,HER,H_adsorption,-0.27,0.15,,2025-10-28,ASCICat-v1.0,True
mp-568_H_3_111,111,,,,,Sb,Ti,,0.925758470684605,21.78492666666666,-0.31129682,Ti2Sb4,Sb-Ti,HER,H_adsorption,-0.27,0.15,,2025-10-28,ASCICat-v1.0,True
mp-973354_H_1_111,111,,,,,Pt,Sb,,0.6810596564411319,23037.700382500003,-0.2716012,SbPt3,Pt-Sb,HER,H_adsorption,-0.27,0.15,,2025-10-28,ASCICat-v1.0,True
mp-1120769_H_0_111,111,,,,,Pt,Ru,,2.2125879641567514,25481.075,-0.36137784,RuPt,Pt-Ru,HER,H_adsorption,-0.27,0.15,,2025-10-28,ASCICat-v1.0,True
mp-1235_H_1_111,111,,,,,Ir,Ti,,2.303905547058123,68323.75086,-0.28228125,Ti2Ir2,Ir-Ti,HER,H_adsorption,-0.27,0.15,,2025-10-28,ASCICat-v1.0,True
mp-1601_H_1_111,111,,,,,Ru,Ta,,2.501551078386238,10302.81,-0.37025166,TaRu,Ru-Ta,HER,H_adsorption,-0.27,0.15,,2025-10-28,ASCICat-v1.0,True
mp-2213_H_0_111,111,,,,,Fe,Ni,,2.559485056262764,7.92251,-0.34467688,Fe2Ni2,Fe-Ni,HER,H_adsorption,-0.27,0.15,,2025-10-28,ASCICat-v1.0,True
mp-2260_H_0_111,111,,,,,Fe,Pt,,2.308324326174044,15353.640025,-0.35247603,FePt,Fe-Pt,HER,H_adsorption,-0.27,0.15,,2025-10-28,ASCICat-v1.0,True
mp-432_H_0_111,111,,,,,Nb,Ru,,2.317759484120512,10167.69,-0.27974335,NbRu,Nb-Ru,HER,H_adsorption,-0.27,0.15,,2025-10-28,ASCICat-v1.0,True
mp-949_H_0_111,111,,,,,Co,Pt,,2.119936959623673,15370.43993,-0.39612369,Co2Pt2,Co-Pt,HER,H_adsorption,-0.27,0.15,,2025-10-28,ASCICat-v1.0,True
mp-1221425_H_0_111,111,,,,,Mo,Pt,,1.9722650059753888,23045.870270000003,-0.38164267,MoPt3,Mo-Pt,HER,H_adsorption,-0.27,0.15,,2025-10-28,ASCICat-v1.0,True
mp-2083_H_0_210,210,,,,,Ir,Sn,,1.0136915948828826,45567.318033333315,-0.1401535,Sn2Ir,Ir-Sn,HER,H_adsorption,-0.27,0.15,,2025-10-28,ASCICat-v1.0,True
mp-838_H_0_210,210,,,,,Cu,Sn,,0.731595416343544,15.4369325,-0.13265035,Cu3Sn,Cu-Sn,HER,H_adsorption,-0.27,0.15,,2025-10-28,ASCICat-v1.0,True
mp-1521_H_5_210,210,,,,,Mo,Sb,,0.998435002466024,39.065394999999995,-0.16931093,Sb14Mo6,Mo-Sb,HER,H_adsorption,-0.27,0.15,,2025-10-28,ASCICat-v1.0,True
mp-22344_H_3_210,210,,,,,Ru,Sn,,1.138195169905296,6097.940435,-0.3645967,Sn14Ru6,Ru-Sn,HER,H_adsorption,-0.27,0.15,,2025-10-28,ASCICat-v1.0,True
mp-1009207_H_1_210,210,,,,,Mn,Sb,,1.1045596018656358,14.66259,-0.21214845,MnSb,Mn-Sb,HER,H_adsorption,-0.27,0.15,,2025-10-28,ASCICat-v1.0,True
mp-11552_H_0_210,210,,,,,Pt,Ti,,1.6160325779109208,15357.00586,-0.2070045,TiPt,Pt-Ti,HER,H_adsorption,-0.27,0.15,,2025-10-28,ASCICat-v1.0,True
mp-1183969_H_1_210,210,,,,,Cu,Sb,,0.7590966781710543,15.0918025,-0.30026883,Cu3Sb,Cu-Sb,HER,H_adsorption,-0.27,0.15,,2025-10-28,ASCICat-v1.0,True
mp-12086_H_0_210,210,,,,,Cu,Pt,,1.506914294919244,7684.57142,-0.3257783,Cu3Pt,Cu-Pt,HER,H_adsorption,-0.27,0.15,,2025-10-28,ASCICat-v1.0,True
mp-12086_H_1_210,210,,,,,Cu,Pt,,1.5013330664286848,7684.57142,-0.29030203,Cu3Pt,Cu-Pt,HER,H_adsorption,-0.27,0.15,,2025-10-28,ASCICat-v1.0,True
mp-12798_H_0_210,210,,,,,Ni,Pt,,2.057844465909902,7688.6037275,-0.3955775,Ni3Pt,Ni-Pt,HER,H_adsorption,-0.27,0.15,,2025-10-28,ASCICat-v1.0,True
mp-10598_H_0_210,210,,,,,Cu,Sn,,0.7278672277010587,20.505305,-0.19085743,Cu2Sn2,Cu-Sn,HER,H_adsorption,-0.27,0.15,,2025-10-28,ASCICat-v1.0,True
mp-1207123_H_2_210,210,,,,,Nb,Sb,,1.5292238375974925,54.835764999999995,-0.20430633,Nb2Sb2,Nb-Sb,HER,H_adsorption,-0.27,0.15,,2025-10-28,ASCICat-v1.0,True
mp-13138_H_0_210,210,,,,,Cu,Sn,,0.8279590621785623,15.4369325,-0.24530253,Cu6Sn2,Cu-Sn,HER,H_adsorption,-0.27,0.15,,2025-10-28,ASCICat-v1.0,True
mp-13138_H_1_210,210,,,,,Cu,Sn,,0.9214502218350684,15.4369325,-0.28916604,Cu6Sn2,Cu-Sn,HER,H_adsorption,-0.27,0.15,,2025-10-28,ASCICat-v1.0,True
mp-13138_H_2_210,210,,,,,Cu,Sn,,0.9981654035778816,15.4369325,-0.2554544,Cu6Sn2,Cu-Sn,HER,H_adsorption,-0.27,0.15,,2025-10-28,ASCICat-v1.0,True
mp-13138_H_4_210,210,,,,,Cu,Sn,,0.9030209395126564,15.4369325,-0.22746902,Cu6Sn2,Cu-Sn,HER,H_adsorption,-0.27,0.15,,2025-10-28,ASCICat-v1.0,True
mp-13138_H_5_210,210,,,,,Cu,Sn,,1.0106878362310758,15.4369325,-0.20765169,Cu6Sn2,Cu-Sn,HER,H_adsorption,-0.27,0.15,,2025-10-28,ASCICat-v1.0,True
mp-19856_H_1_210,210,,,,,Pt,Sn,,0.8569125587193728,15368.911025,-0.22154882,Sn2Pt2,Pt-Sn,HER,H_adsorption,-0.27,0.15,,2025-10-28,ASCICat-v1.0,True
mp-19856_H_2_210,210,,,,,Pt,Sn,,1.0118959707318125,15368.911025,-0.20230904,Sn2Pt2,Pt-Sn,HER,H_adsorption,-0.27,0.15,,2025-10-28,ASCICat-v1.0,True
mp-22389_H_1_210,210,,,,,Mn,Sn,,1.4455441953254915,7.70825,-0.12484246,Mn6Sn2,Mn-Sn,HER,H_adsorption,-0.27,0.15,,2025-10-28,ASCICat-v1.0,True
mp-2845_H_0_210,210,,,,,Pt,Sb,,0.7054267969024379,15368.220765,-0.28421273,Sb2Pt2,Pt-Sb,HER,H_adsorption,-0.27,0.15,,2025-10-28,ASCICat-v1.0,True
mp-30846_H_0_210,210,,,,,Pt,Sn,,0.7229070660120318,12301.25723,-0.14253215,Sn6Pt4,Pt-Sn,HER,H_adsorption,-0.27,0.15,,2025-10-28,ASCICat-v1.0,True
mp-30846_H_1_210,210,,,,,Pt,Sn,,0.8252111502270947,12301.25723,-0.20551233,Sn6Pt4,Pt-Sn,HER,H_adsorption,-0.27,0.15,,2025-10-28,ASCICat-v1.0,True
mp-30846_H_2_210,210,,,,,Pt,Sn,,0.7156628550028721,12301.25723,-0.27412836,Sn6Pt4,Pt-Sn,HER,H_adsorption,-0.27,0.15,,2025-10-28,ASCICat-v1.0,True
mp-810_H_1_210,210,,,,,Ni,Sb,,0.7906654469177574,22.50325,-0.22402089,Ni2Sb2,Ni-Sb,HER,H_adsorption,-0.27,0.15,,2025-10-28,ASCICat-v1.0,True
mp-810_H_2_210,210,,,,,Ni,Sb,,0.9797380170082992,22.50325,-0.24526628,Ni2Sb2,Ni-Sb,HER,H_adsorption,-0.27,0.15,,2025-10-28,ASCICat-v1.0,True
mp-1184069_H_0_210,210,,,,,Cu,Ni,,1.8986047780319533,13.056765,-0.34569393,CuNi,Cu-Ni,HER,H_adsorption,-0.27,0.15,,2025-10-28,ASCICat-v1.0,True
mp-1218950_H_0_210,210,,,,,Mo,Sn,,1.773033500360723,54.1163225,-0.34396635,SnMo3,Mo-Sn,HER,H_adsorption,-0.27,0.15,,2025-10-28,ASCICat-v1.0,True
mp-20900_H_0_210,210,,,,,Cu,Sb,,0.7201282631813798,15.0918025,-0.22038803,Cu6Sb2,Cu-Sb,HER,H_adsorption,-0.27,0.15,,2025-10-28,ASCICat-v1.0,True
mp-20900_H_1_210,210,,,,,Cu,Sb,,0.6388625676303543,15.0918025,-0.12521583,Cu6Sb2,Cu-Sb,HER,H_adsorption,-0.27,0.15,,2025-10-28,ASCICat-v1.0,True
mp-30850_H_0_210,210,,,,,Pt,Ta,,1.968447770880666,23118.0475,-0.34875783,Ta2Pt6,Pt-Ta,HER,H_adsorption,-0.27,0.15,,2025-10-28,ASCICat-v1.0,True
mp-581786_H_0_210,210,,,,,Cu,Sn,,0.8860990970916668,15.4369325,-0.18912976,Cu6Sn2,Cu-Sn,HER,H_adsorption,-0.27,0.15,,2025-10-28,ASCICat-v1.0,True
mp-581786_H_1_210,210,,,,,Cu,Sn,,0.8525255541800856,15.4369325,-0.22411983,Cu6Sn2,Cu-Sn,HER,H_adsorption,-0.27,0.15,,2025-10-28,ASCICat-v1.0,True
mp-20714_H_1_210,210,,,,,Fe,Sb,,0.8335200912423852,19.54103666666666,-0.20212316,Fe2Sb4,Fe-Sb,HER,H_adsorption,-0.27,0.15,,2025-10-28,ASCICat-v1.0,True
mp-20714_H_2_210,210,,,,,Fe,Sb,,0.9976161880238598,19.54103666666666,-0.21670568,Fe2Sb4,Fe-Sb,HER,H_adsorption,-0.27,0.15,,2025-10-28,ASCICat-v1.0,True
mp-20928_H_1_210,210,,,,,Ru,Sb,,0.9835541515149754,6771.164353333331,-0.16573081,Sb4Ru2,Ru-Sb,HER,H_adsorption,-0.27,0.15,,2025-10-28,ASCICat-v1.0,True
mp-20928_H_2_210,210,,,,,Ru,Sb,,1.1325907797430754,6771.164353333331,-0.26346584,Sb4Ru2,Ru-Sb,HER,H_adsorption,-0.27,0.15,,2025-10-28,ASCICat-v1.0,True
mp-9835_H_0_210,210,,,,,Co,Sb,,0.9951376413972112,30.74097333333332,-0.22258749,Co2Sb4,Co-Sb,HER,H_adsorption,-0.27,0.15,,2025-10-28,ASCICat-v1.0,True
mp-9835_H_1_210,210,,,,,Co,Sb,,0.8303164749186156,30.74097333333332,-0.20560689,Co2Sb4,Co-Sb,HER,H_adsorption,-0.27,0.15,,2025-10-28,ASCICat-v1.0,True
mp-9835_H_2_210,210,,,,,Co,Sb,,0.9876986091869768,30.74097333333332,-0.19998723,Co2Sb4,Co-Sb,HER,H_adsorption,-0.27,0.15,,2025-10-28,ASCICat-v1.0,True
mp-949_H_1_210,210,,,,,Co,Pt,,2.2140701838383743,15370.43993,-0.35346223,Co2Pt2,Co-Pt,HER,H_adsorption,-0.27,0.15,,2025-10-28,ASCICat-v1.0,True
mp-2002_H_0_211,211,,,,,Cu,Sb,,0.3570892531086651,15.0918025,-0.15197787,Cu3Sb,Cu-Sb,HER,H_adsorption,-0.27,0.15,,2025-10-28,ASCICat-v1.0,True
mp-2083_H_0_211,211,,,,,Ir,Sn,,0.8750796056580818,45567.318033333315,-0.20751188,Sn2Ir,Ir-Sn,HER,H_adsorption,-0.27,0.15,,2025-10-28,ASCICat-v1.0,True
mp-838_H_0_211,211,,,,,Cu,Sn,,0.7322990380782837,15.4369325,-0.10302578,Cu3Sn,Cu-Sn,HER,H_adsorption,-0.27,0.15,,2025-10-28,ASCICat-v1.0,True
mp-22040_H_0_211,211,,,,,Ir,Sn,,0.7011248488268959,41013.650435,-0.10270811,Sn14Ir6,Ir-Sn,HER,H_adsorption,-0.27,0.15,,2025-10-28,ASCICat-v1.0,True
mp-1009207_H_0_211,211,,,,,Mn,Sb,,0.9095204923795824,14.66259,-0.17487366,MnSb,Mn-Sb,HER,H_adsorption,-0.27,0.15,,2025-10-28,ASCICat-v1.0,True
mp-11552_H_0_211,211,,,,,Pt,Ti,,1.3969900051421902,15357.00586,-0.24028649,TiPt,Pt-Ti,HER,H_adsorption,-0.27,0.15,,2025-10-28,ASCICat-v1.0,True
mp-12086_H_0_211,211,,,,,Cu,Pt,,1.3477229481657298,7684.57142,-0.3031862,Cu3Pt,Cu-Pt,HER,H_adsorption,-0.27,0.15,,2025-10-28,ASCICat-v1.0,True
mp-12086_H_1_211,211,,,,,Cu,Pt,,1.353102272942543,7684.57142,-0.33866303,Cu3Pt,Cu-Pt,HER,H_adsorption,-0.27,0.15,,2025-10-28,ASCICat-v1.0,True
mp-10598_H_3_211,211,,,,,Cu,Sn,,0.8383116687735297,20.505305,-0.35658364,Cu2Sn2,Cu-Sn,HER,H_adsorption,-0.27,0.15,,2025-10-28,ASCICat-v1.0,True
mp-1186237_H_0_211,211,,,,,Nb,Sn,,0.4518995579343862,43.0840375,-0.10922943,Nb2Sn6,Nb-Sn,HER,H_adsorption,-0.27,0.15,,2025-10-28,ASCICat-v1.0,True
mp-1187261_H_2_211,211,,,,,Sn,Ta,,0.2822863957363477,110.6440375,-0.31255709,Ta2Sn6,Sn-Ta,HER,H_adsorption,-0.27,0.15,,2025-10-28,ASCICat-v1.0,True
mp-13138_H_0_211,211,,,,,Cu,Sn,,0.8831802506571611,15.4369325,-0.20387758,Cu6Sn2,Cu-Sn,HER,H_adsorption,-0.27,0.15,,2025-10-28,ASCICat-v1.0,True
mp-13138_H_1_211,211,,,,,Cu,Sn,,0.8822354922708245,15.4369325,-0.18827694,Cu6Sn2,Cu-Sn,HER,H_adsorption,-0.27,0.15,,2025-10-28,ASCICat-v1.0,True
mp-13138_H_2_211,211,,,,,Cu,Sn,,0.8657146793792481,15.4369325,-0.28712313,Cu6Sn2,Cu-Sn,HER,H_adsorption,-0.27,0.15,,2025-10-28,ASCICat-v1.0,True
mp-19856_H_0_211,211,,,,,Pt,Sn,,0.949450943414734,15368.911025,-0.31098323,Sn2Pt2,Pt-Sn,HER,H_adsorption,-0.27,0.15,,2025-10-28,ASCICat-v1.0,True
mp-19856_H_1_211,211,,,,,Pt,Sn,,1.08815628902799,15368.911025,-0.35511669,Sn2Pt2,Pt-Sn,HER,H_adsorption,-0.27,0.15,,2025-10-28,ASCICat-v1.0,True
mp-19856_H_2_211,211,,,,,Pt,Sn,,0.9583101237479048,15368.911025,-0.16979861,Sn2Pt2,Pt-Sn,HER,H_adsorption,-0.27,0.15,,2025-10-28,ASCICat-v1.0,True
mp-2845_H_1_211,211,,,,,Pt,Sb,,0.8368014676035871,15368.220765,-0.2119453,Sb2Pt2,Pt-Sb,HER,H_adsorption,-0.27,0.15,,2025-10-28,ASCICat-v1.0,True
mp-2845_H_3_211,211,,,,,Pt,Sb,,0.8663262721000815,15368.220765,-0.37844286,Sb2Pt2,Pt-Sb,HER,H_adsorption,-0.27,0.15,,2025-10-28,ASCICat-v1.0,True
mp-30846_H_0_211,211,,,,,Pt,Sn,,0.7347713593094635,12301.25723,-0.13651096,Sn6Pt4,Pt-Sn,HER,H_adsorption,-0.27,0.15,,2025-10-28,ASCICat-v1.0,True
mp-30846_H_1_211,211,,,,,Pt,Sn,,0.8128752805684181,12301.25723,-0.2190746,Sn6Pt4,Pt-Sn,HER,H_adsorption,-0.27,0.15,,2025-10-28,ASCICat-v1.0,True
mp-30846_H_2_211,211,,,,,Pt,Sn,,0.749254064703178,12301.25723,-0.18217799,Sn6Pt4,Pt-Sn,HER,H_adsorption,-0.27,0.15,,2025-10-28,ASCICat-v1.0,True
mp-30846_H_3_211,211,,,,,Pt,Sn,,0.7502717688216917,12301.25723,-0.12811078,Sn6Pt4,Pt-Sn,HER,H_adsorption,-0.27,0.15,,2025-10-28,ASCICat-v1.0,True
mp-810_H_0_211,211,,,,,Ni,Sb,,0.8916559651881585,22.50325,-0.25274093,Ni2Sb2,Ni-Sb,HER,H_adsorption,-0.27,0.15,,2025-10-28,ASCICat-v1.0,True
mp-810_H_1_211,211,,,,,Ni,Sb,,1.082598086482708,22.50325,-0.28702265,Ni2Sb2,Ni-Sb,HER,H_adsorption,-0.27,0.15,,2025-10-28,ASCICat-v1.0,True
mp-810_H_2_211,211,,,,,Ni,Sb,,0.918049271565046,22.50325,-0.20782505,Ni2Sb2,Ni-Sb,HER,H_adsorption,-0.27,0.15,,2025-10-28,ASCICat-v1.0,True
mp-20900_H_3_211,211,,,,,Cu,Sb,,0.7388449160422998,15.0918025,-0.19333554,Cu6Sb2,Cu-Sb,HER,H_adsorption,-0.27,0.15,,2025-10-28,ASCICat-v1.0,True
mp-20900_H_4_211,211,,,,,Cu,Sb,,0.7823681643252358,15.0918025,-0.23134589,Cu6Sb2,Cu-Sb,HER,H_adsorption,-0.27,0.15,,2025-10-28,ASCICat-v1.0,True
mp-20900_H_7_211,211,,,,,Cu,Sb,,0.7412098736062673,15.0918025,-0.2870102,Cu6Sb2,Cu-Sb,HER,H_adsorption,-0.27,0.15,,2025-10-28,ASCICat-v1.0,True
mp-581786_H_2_211,211,,,,,Cu,Sn,,0.9684681066338348,15.4369325,-0.14604197,Cu6Sn2,Cu-Sn,HER,H_adsorption,-0.27,0.15,,2025-10-28,ASCICat-v1.0,True
mp-581786_H_3_211,211,,,,,Cu,Sn,,0.923911693001582,15.4369325,-0.14977591,Cu6Sn2,Cu-Sn,HER,H_adsorption,-0.27,0.15,,2025-10-28,ASCICat-v1.0,True
mp-581786_H_5_211,211,,,,,Cu,Sn,,0.9281803833265814,15.4369325,-0.14651976,Cu6Sn2,Cu-Sn,HER,H_adsorption,-0.27,0.15,,2025-10-28,ASCICat-v1.0,True
mp-581786_H_6_211,211,,,,,Cu,Sn,,0.9275437439275924,15.4369325,-0.11212651,Cu6Sn2,Cu-Sn,HER,H_adsorption,-0.27,0.15,,2025-10-28,ASCICat-v1.0,True
mp-20714_H_1_211,211,,,,,Fe,Sb,,0.9486999955301588,19.54103666666666,-0.34561709,Fe2Sb4,Fe-Sb,HER,H_adsorption,-0.27,0.15,,2025-10-28,ASCICat-v1.0,True
mp-20714_H_4_211,211,,,,,Fe,Sb,,0.9777342218369348,19.54103666666666,-0.26633025,Fe2Sb4,Fe-Sb,HER,H_adsorption,-0.27,0.15,,2025-10-28,ASCICat-v1.0,True
mp-20928_H_4_211,211,,,,,Ru,Sb,,1.1186882154240727,6771.164353333331,-0.34466028,Sb4Ru2,Ru-Sb,HER,H_adsorption,-0.27,0.15,,2025-10-28,ASCICat-v1.0,True
mp-9835_H_0_211,211,,,,,Co,Sb,,0.9969651694749756,30.74097333333332,-0.33803772,Co2Sb4,Co-Sb,HER,H_adsorption,-0.27,0.15,,2025-10-28,ASCICat-v1.0,True
mp-9835_H_1_211,211,,,,,Co,Sb,,0.9706553355564262,30.74097333333332,-0.25523544,Co2Sb4,Co-Sb,HER,H_adsorption,-0.27,0.15,,2025-10-28,ASCICat-v1.0,True
mp-9835_H_4_211,211,,,,,Co,Sb,,0.9763852540625692,30.74097333333332,-0.20445,Co2Sb4,Co-Sb,HER,H_adsorption,-0.27,0.15,,2025-10-28,ASCICat-v1.0,True
mp-20155_H_2_211,211,,,,,Co,Sn,,1.0526186023019786,31.66131999999999,-0.21967854,Co2Sn4,Co-Sn,HER,H_adsorption,-0.27,0.15,,2025-10-28,ASCICat-v1.0,True
mp-22752_H_0_211,211,,,,,Fe,Sn,,0.8513771770376123,20.461383333333327,-0.26073252,Fe2Sn4,Fe-Sn,HER,H_adsorption,-0.27,0.15,,2025-10-28,ASCICat-v1.0,True
mp-510219_H_0_211,211,,,,,Ru,Sn,,0.8881660423954755,6772.084699999998,-0.24587532,Sn4Ru2,Ru-Sn,HER,H_adsorption,-0.27,0.15,,2025-10-28,ASCICat-v1.0,True
mp-510219_H_2_211,211,,,,,Ru,Sn,,1.2225689947028169,6772.084699999998,-0.33637131,Sn4Ru2,Ru-Sn,HER,H_adsorption,-0.27,0.15,,2025-10-28,ASCICat-v1.0,True
mp-568_H_2_211,211,,,,,Sb,Ti,,0.8732953188982153,21.78492666666666,-0.35701123,Ti2Sb4,Sb-Ti,HER,H_adsorption,-0.27,0.15,,2025-10-28,ASCICat-v1.0,True
mp-1100766_H_0_211,211,,,,,Ni,Pt,,1.983241481292814,7688.6037275,-0.38425766,Ni3Pt,Ni-Pt,HER,H_adsorption,-0.27,0.15,,2025-10-28,ASCICat-v1.0,True
mp-973354_H_3_211,211,,,,,Pt,Sb,,0.8883294897004763,23037.700382500003,-0.37164718,SbPt3,Pt-Sb,HER,H_adsorption,-0.27,0.15,,2025-10-28,ASCICat-v1.0,True
mp-1030_H_0_221,221,,,,,Pt,Sb,,1.1871198701437111,26872.44019125,-0.38008509,SbPt7,Pt-Sb,HER,H_adsorption,-0.27,0.15,,2025-10-28,ASCICat-v1.0,True
mp-2083_H_0_221,221,,,,,Ir,Sn,,0.8603905125419432,45567.318033333315,-0.25729276,Sn2Ir,Ir-Sn,HER,H_adsorption,-0.27,0.15,,2025-10-28,ASCICat-v1.0,True
mp-838_H_1_221,221,,,,,Cu,Sn,,0.779560279350559,15.4369325,-0.23421402,Cu3Sn,Cu-Sn,HER,H_adsorption,-0.27,0.15,,2025-10-28,ASCICat-v1.0,True
mp-1521_H_0_221,221,,,,,Mo,Sb,,0.9424318513755218,39.065394999999995,-0.28433442,Sb14Mo6,Mo-Sb,HER,H_adsorption,-0.27,0.15,,2025-10-28,ASCICat-v1.0,True
mp-1009206_H_1_221,221,,,,,Mn,Sn,,1.1938858146035742,15.35285,-0.29072565,MnSn,Mn-Sn,HER,H_adsorption,-0.27,0.15,,2025-10-28,ASCICat-v1.0,True
mp-1009207_H_1_221,221,,,,,Mn,Sb,,0.9730334880710204,14.66259,-0.19250603,MnSb,Mn-Sb,HER,H_adsorption,-0.27,0.15,,2025-10-28,ASCICat-v1.0,True
mp-11552_H_1_221,221,,,,,Pt,Ti,,1.459167996813119,15357.00586,-0.30304897,TiPt,Pt-Ti,HER,H_adsorption,-0.27,0.15,,2025-10-28,ASCICat-v1.0,True
mp-1180_H_0_221,221,,,,,Mn,Pt,,1.739731848135278,23030.4009125,-0.29930358,MnPt3,Mn-Pt,HER,H_adsorption,-0.27,0.15,,2025-10-28,ASCICat-v1.0,True
mp-1183969_H_1_221,221,,,,,Cu,Sb,,0.5318582600943615,15.0918025,-0.15024316,Cu3Sb,Cu-Sb,HER,H_adsorption,-0.27,0.15,,2025-10-28,ASCICat-v1.0,True
mp-12086_H_0_221,221,,,,,Cu,Pt,,1.295684217056571,7684.57142,-0.29489366,Cu3Pt,Cu-Pt,HER,H_adsorption,-0.27,0.15,,2025-10-28,ASCICat-v1.0,True
mp-12086_H_1_221,221,,,,,Cu,Pt,,1.294837005979449,7684.57142,-0.24726563,Cu3Pt,Cu-Pt,HER,H_adsorption,-0.27,0.15,,2025-10-28,ASCICat-v1.0,True
mp-12107_H_0_221,221,,,,,Pt,Ti,,1.8072919778302596,23032.092930000003,-0.28422957,TiPt3,Pt-Ti,HER,H_adsorption,-0.27,0.15,,2025-10-28,ASCICat-v1.0,True
mp-12594_H_1_221,221,,,,,Ir,Ti,,1.7438898112494765,68323.75086,-0.38311261,TiIr,Ir-Ti,HER,H_adsorption,-0.27,0.15,,2025-10-28,ASCICat-v1.0,True
mp-13100_H_0_221,221,,,,,Mo,Pt,,1.6174782694428993,23045.870270000003,-0.29597249,MoPt3,Mo-Pt,HER,H_adsorption,-0.27,0.15,,2025-10-28,ASCICat-v1.0,True
mp-649_H_0_221,221,,,,,Fe,Pt,,1.7041321936211251,23030.4100125,-0.33660882,FePt3,Fe-Pt,HER,H_adsorption,-0.27,0.15,,2025-10-28,ASCICat-v1.0,True
mp-922_H_0_221,221,,,,,Co,Pt,,1.6516458948840582,23038.809965,-0.3625702,CoPt3,Co-Pt,HER,H_adsorption,-0.27,0.15,,2025-10-28,ASCICat-v1.0,True
mp-1207123_H_1_221,221,,,,,Nb,Sb,,1.3602971050345165,54.835764999999995,-0.18215324,Nb2Sb2,Nb-Sb,HER,H_adsorption,-0.27,0.15,,2025-10-28,ASCICat-v1.0,True
mp-13138_H_0_221,221,,,,,Cu,Sn,,0.9187315884388058,15.4369325,-0.27265801,Cu6Sn2,Cu-Sn,HER,H_adsorption,-0.27,0.15,,2025-10-28,ASCICat-v1.0,True
mp-19856_H_0_221,221,,,,,Pt,Sn,,0.9427426072728003,15368.911025,-0.25837218,Sn2Pt2,Pt-Sn,HER,H_adsorption,-0.27,0.15,,2025-10-28,ASCICat-v1.0,True
mp-19856_H_1_221,221,,,,,Pt,Sn,,0.9488248106611732,15368.911025,-0.1546355,Sn2Pt2,Pt-Sn,HER,H_adsorption,-0.27,0.15,,2025-10-28,ASCICat-v1.0,True
mp-2845_H_0_221,221,,,,,Pt,Sb,,0.6614876089598022,15368.220765,-0.11240567,Sb2Pt2,Pt-Sb,HER,H_adsorption,-0.27,0.15,,2025-10-28,ASCICat-v1.0,True
mp-30846_H_0_221,221,,,,,Pt,Sn,,0.7161938291968459,12301.25723,-0.15305477,Sn6Pt4,Pt-Sn,HER,H_adsorption,-0.27,0.15,,2025-10-28,ASCICat-v1.0,True
mp-30846_H_1_221,221,,,,,Pt,Sn,,0.7379931731536422,12301.25723,-0.14831022,Sn6Pt4,Pt-Sn,HER,H_adsorption,-0.27,0.15,,2025-10-28,ASCICat-v1.0,True
mp-30846_H_2_221,221,,,,,Pt,Sn,,0.7215282886041526,12301.25723,-0.16593802,Sn6Pt4,Pt-Sn,HER,H_adsorption,-0.27,0.15,,2025-10-28,ASCICat-v1.0,True
mp-810_H_0_221,221,,,,,Ni,Sb,,0.8822441975982408,22.50325,-0.21281032,Ni2Sb2,Ni-Sb,HER,H_adsorption,-0.27,0.15,,2025-10-28,ASCICat-v1.0,True
mp-810_H_1_221,221,,,,,Ni,Sb,,0.8993142696330475,22.50325,-0.201408,Ni2Sb2,Ni-Sb,HER,H_adsorption,-0.27,0.15,,2025-10-28,ASCICat-v1.0,True
mp-1217110_H_3_221,221,,,,,Ru,Ti,,2.797101654280871,4056.4593760000007,-0.19003341,Ti4Ru,Ru-Ti,HER,H_adsorption,-0.27,0.15,,2025-10-28,ASCICat-v1.0,True
mp-1078699_H_0_221,221,,,,,Nb,Pt,,2.090503841258972,23050.487500000003,-0.38428474,Nb2Pt6,Nb-Pt,HER,H_adsorption,-0.27,0.15,,2025-10-28,ASCICat-v1.0,True
mp-20900_H_0_221,221,,,,,Cu,Sb,,0.6545562009656577,15.0918025,-0.27518839,Cu6Sb2,Cu-Sb,HER,H_adsorption,-0.27,0.15,,2025-10-28,ASCICat-v1.0,True
mp-20900_H_1_221,221,,,,,Cu,Sb,,0.7339192946164582,15.0918025,-0.34363293,Cu6Sb2,Cu-Sb,HER,H_adsorption,-0.27,0.15,,2025-10-28,ASCICat-v1.0,True
mp-20900_H_2_221,221,,,,,Cu,Sb,,0.7064509575920248,15.0918025,-0.30230174,Cu6Sb2,Cu-Sb,HER,H_adsorption,-0.27,0.15,,2025-10-28,ASCICat-v1.0,True
mp-20900_H_3_221,221,,,,,Cu,Sb,,0.7024080584066102,15.0918025,-0.34494688,Cu6Sb2,Cu-Sb,HER,H_adsorption,-0.27,0.15,,2025-10-28,ASCICat-v1.0,True
mp-20900_H_4_221,221,,,,,Cu,Sb,,0.7395150445597525,15.0918025,-0.22593418,Cu6Sb2,Cu-Sb,HER,H_adsorption,-0.27,0.15,,2025-10-28,ASCICat-v1.0,True
mp-20900_H_5_221,221,,,,,Cu,Sb,,0.7359700782689796,15.0918025,-0.18155188,Cu6Sb2,Cu-Sb,HER,H_adsorption,-0.27,0.15,,2025-10-28,ASCICat-v1.0,True
mp-581786_H_0_221,221,,,,,Cu,Sn,,0.9371570147492624,15.4369325,-0.22132383,Cu6Sn2,Cu-Sn,HER,H_adsorption,-0.27,0.15,,2025-10-28,ASCICat-v1.0,True
mp-581786_H_1_221,221,,,,,Cu,Sn,,0.9552088663905924,15.4369325,-0.13593819,Cu6Sn2,Cu-Sn,HER,H_adsorption,-0.27,0.15,,2025-10-28,ASCICat-v1.0,True
mp-581786_H_2_221,221,,,,,Cu,Sn,,0.9683614225445016,15.4369325,-0.18781383,Cu6Sn2,Cu-Sn,HER,H_adsorption,-0.27,0.15,,2025-10-28,ASCICat-v1.0,True
mp-581786_H_3_221,221,,,,,Cu,Sn,,0.9175379464783834,15.4369325,-0.19890817,Cu6Sn2,Cu-Sn,HER,H_adsorption,-0.27,0.15,,2025-10-28,ASCICat-v1.0,True
mp-581786_H_5_221,221,,,,,Cu,Sn,,0.9594240599831364,15.4369325,-0.22595291,Cu6Sn2,Cu-Sn,HER,H_adsorption,-0.27,0.15,,2025-10-28,ASCICat-v1.0,True
mp-20714_H_2_221,221,,,,,Fe,Sb,,0.8208636585485946,19.54103666666666,-0.12118899,Fe2Sb4,Fe-Sb,HER,H_adsorption,-0.27,0.15,,2025-10-28,ASCICat-v1.0,True
mp-20714_H_3_221,221,,,,,Fe,Sb,,0.9441538721365528,19.54103666666666,-0.26678021,Fe2Sb4,Fe-Sb,HER,H_adsorption,-0.27,0.15,,2025-10-28,ASCICat-v1.0,True
mp-20928_H_2_221,221,,,,,Ru,Sb,,1.0284350710173646,6771.164353333331,-0.18387927,Sb4Ru2,Ru-Sb,HER,H_adsorption,-0.27,0.15,,2025-10-28,ASCICat-v1.0,True
mp-20928_H_3_221,221,,,,,Ru,Sb,,1.1520055505297428,6771.164353333331,-0.31911135,Sb4Ru2,Ru-Sb,HER,H_adsorption,-0.27,0.15,,2025-10-28,ASCICat-v1.0,True
mp-9835_H_0_221,221,,,,,Co,Sb,,0.8418700093832959,30.74097333333332,-0.32635401,Co2Sb4,Co-Sb,HER,H_adsorption,-0.27,0.15,,2025-10-28,ASCICat-v1.0,True
mp-1072181_H_0_221,221,,,,,Fe,Sb,,0.4641970571112371,19.54103666666666,-0.26319651,Fe2Sb4,Fe-Sb,HER,H_adsorption,-0.27,0.15,,2025-10-28,ASCICat-v1.0,True
mp-1072181_H_1_221,221,,,,,Fe,Sb,,0.635321022506894,19.54103666666666,-0.26640297,Fe2Sb4,Fe-Sb,HER,H_adsorption,-0.27,0.15,,2025-10-28,ASCICat-v1.0,True
mp-20086_H_0_221,221,,,,,Mn,Sn,,0.9412600008558636,20.449249999999996,-0.14672684,Mn2Sn4,Mn-Sn,HER,H_adsorption,-0.27,0.15,,2025-10-28,ASCICat-v1.0,True
mp-20086_H_1_221,221,,,,,Mn,Sn,,1.1148994473622582,20.449249999999996,-0.15905963,Mn2Sn4,Mn-Sn,HER,H_adsorption,-0.27,0.15,,2025-10-28,ASCICat-v1.0,True
mp-20155_H_0_221,221,,,,,Co,Sn,,0.8107973203166616,31.66131999999999,-0.14918236,Co2Sn4,Co-Sn,HER,H_adsorption,-0.27,0.15,,2025-10-28,ASCICat-v1.0,True
mp-20155_H_2_221,221,,,,,Co,Sn,,0.792209376290914,31.66131999999999,-0.23532628,Co2Sn4,Co-Sn,HER,H_adsorption,-0.27,0.15,,2025-10-28,ASCICat-v1.0,True
mp-22752_H_0_221,221,,,,,Fe,Sn,,0.881321899591497,20.461383333333327,-0.2331692,Fe2Sn4,Fe-Sn,HER,H_adsorption,-0.27,0.15,,2025-10-28,ASCICat-v1.0,True
mp-22752_H_2_221,221,,,,,Fe,Sn,,0.8605838710416468,20.461383333333327,-0.37154025,Fe2Sn4,Fe-Sn,HER,H_adsorption,-0.27,0.15,,2025-10-28,ASCICat-v1.0,True
mp-510219_H_0_221,221,,,,,Ru,Sn,,0.9432197853471612,6772.084699999998,-0.25717356,Sn4Ru2,Ru-Sn,HER,H_adsorption,-0.27,0.15,,2025-10-28,ASCICat-v1.0,True
mp-510219_H_1_221,221,,,,,Ru,Sn,,1.1221709484819655,6772.084699999998,-0.27850883,Sn4Ru2,Ru-Sn,HER,H_adsorption,-0.27,0.15,,2025-10-28,ASCICat-v1.0,True
mp-510219_H_2_221,221,,,,,Ru,Sn,,0.9350583236383234,6772.084699999998,-0.37401592,Sn4Ru2,Ru-Sn,HER,H_adsorption,-0.27,0.15,,2025-10-28,ASCICat-v1.0,True
mp-568_H_0_221,221,,,,,Sb,Ti,,0.9080657708260692,21.78492666666666,-0.33963829,Ti2Sb4,Sb-Ti,HER,H_adsorption,-0.27,0.15,,2025-10-28,ASCICat-v1.0,True
